dataset,image_path,has_annotation,defect_class,annotation_source
Crack_Detection,Negative\no_crack_0250.jpg,True,No_Defect,crack_detection
Crack_Detection,Negative\no_crack_0251.jpg,True,No_Defect,crack_detection
Crack_Detection,Negative\no_crack_0252.jpg,True,No_Defect,crack_detection
Crack_Detection,Negative\no_crack_0253.jpg,True,No_Defect,crack_detection
Crack_Detection,Negative\no_crack_0254.jpg,True,No_Defect,crack_detection
Crack_Detection,Negative\no_crack_0255.jpg,True,No_Defect,crack_detection
Crack_Detection,Negative\no_crack_0256.jpg,True,No_Defect,crack_detection
Crack_Detection,Negative\no_crack_0257.jpg,True,No_Defect,crack_detection
Crack_Detection,Negative\no_crack_0258.jpg,True,No_Defect,crack_detection
Crack_Detection,Negative\no_crack_0259.jpg,True,No_Defect,crack_detection
Crack_Detection,Negative\no_crack_0260.jpg,True,No_Defect,crack_detection
Crack_Detection,Negative\no_crack_0261.jpg,True,No_Defect,crack_detection
Crack_Detection,Negative\no_crack_0262.jpg,True,No_Defect,crack_detection
Crack_Detection,Negative\no_crack_0263.jpg,True,No_Defect,crack_detection
Crack_Detection,Negative\no_crack_0264.jpg,True,No_Defect,crack_detection
Crack_Detection,Negative\no_crack_0265.jpg,True,No_Defect,crack_detection
Crack_Detection,Negative\no_crack_0266.jpg,True,No_Defect,crack_detection
Crack_Detection,Negative\no_crack_0267.jpg,True,No_Defect,crack_detection
Crack_Detection,Negative\no_crack_0268.jpg,True,No_Defect,crack_detection
Crack_Detection,Negative\no_crack_0269.jpg,True,No_Defect,crack_detection
Crack_Detection,Negative\no_crack_0270.jpg,True,No_Defect,crack_detection
Crack_Detection,Negative\no_crack_0271.jpg,True,No_Defect,crack_detection
Crack_Detection,Negative\no_crack_0272.jpg,True,No_Defect,crack_detection
Crack_Detection,Negative\no_crack_0273.jpg,True,No_Defect,crack_detection
Crack_Detection,Negative\no_crack_0274.jpg,True,No_Defect,crack_detection
Crack_Detection,Negative\no_crack_0275.jpg,True,No_Defect,crack_detection
Crack_Detection,Negative\no_crack_0276.jpg,True,No_Defect,crack_detection
Crack_Detection,Negative\no_crack_0277.jpg,True,No_Defect,crack_detection
Crack_Detection,Negative\no_crack_0278.jpg,True,No_Defect,crack_detection
Crack_Detection,Negative\no_crack_0279.jpg,True,No_Defect,crack_detection
Crack_Detection,Negative\no_crack_0280.jpg,True,No_Defect,crack_detection
Crack_Detection,Negative\no_crack_0281.jpg,True,No_Defect,crack_detection
Crack_Detection,Negative\no_crack_0282.jpg,True,No_Defect,crack_detection
Crack_Detection,Negative\no_crack_0283.jpg,True,No_Defect,crack_detection
Crack_Detection,Negative\no_crack_0284.jpg,True,No_Defect,crack_detection
Crack_Detection,Negative\no_crack_0285.jpg,True,No_Defect,crack_detection
Crack_Detection,Negative\no_crack_0286.jpg,True,No_Defect,crack_detection
Crack_Detection,Negative\no_crack_0287.jpg,True,No_Defect,crack_detection
Crack_Detection,Negative\no_crack_0288.jpg,True,No_Defect,crack_detection
Crack_Detection,Negative\no_crack_0289.jpg,True,No_Defect,crack_detection
Crack_Detection,Negative\no_crack_0290.jpg,True,No_Defect,crack_detection
Crack_Detection,Negative\no_crack_0291.jpg,True,No_Defect,crack_detection
Crack_Detection,Negative\no_crack_0292.jpg,True,No_Defect,crack_detection
Crack_Detection,Negative\no_crack_0293.jpg,True,No_Defect,crack_detection
Crack_Detection,Negative\no_crack_0294.jpg,True,No_Defect,crack_detection
Crack_Detection,Negative\no_crack_0295.jpg,True,No_Defect,crack_detection
Crack_Detection,Negative\no_crack_0296.jpg,True,No_Defect,crack_detection
Crack_Detection,Negative\no_crack_0297.jpg,True,No_Defect,crack_detection
Crack_Detection,Negative\no_crack_0298.jpg,True,No_Defect,crack_detection
Crack_Detection,Negative\no_crack_0299.jpg,True,No_Defect,crack_detection
Crack_Detection,Negative\no_crack_0300.jpg,True,No_Defect,crack_detection
Crack_Detection,Negative\no_crack_0301.jpg,True,No_Defect,crack_detection
Crack_Detection,Negative\no_crack_0302.jpg,True,No_Defect,crack_detection
Crack_Detection,Negative\no_crack_0303.jpg,True,No_Defect,crack_detection
Crack_Detection,Negative\no_crack_0304.jpg,True,No_Defect,crack_detection
Crack_Detection,Negative\no_crack_0305.jpg,True,No_Defect,crack_detection
Crack_Detection,Negative\no_crack_0306.jpg,True,No_Defect,crack_detection
Crack_Detection,Negative\no_crack_0307.jpg,True,No_Defect,crack_detection
Crack_Detection,Negative\no_crack_0308.jpg,True,No_Defect,crack_detection
Crack_Detection,Negative\no_crack_0309.jpg,True,No_Defect,crack_detection
Crack_Detection,Negative\no_crack_0310.jpg,True,No_Defect,crack_detection
Crack_Detection,Negative\no_crack_0311.jpg,True,No_Defect,crack_detection
Crack_Detection,Negative\no_crack_0312.jpg,True,No_Defect,crack_detection
Crack_Detection,Negative\no_crack_0313.jpg,True,No_Defect,crack_detection
Crack_Detection,Negative\no_crack_0314.jpg,True,No_Defect,crack_detection
Crack_Detection,Negative\no_crack_0315.jpg,True,No_Defect,crack_detection
Crack_Detection,Negative\no_crack_0316.jpg,True,No_Defect,crack_detection
Crack_Detection,Negative\no_crack_0317.jpg,True,No_Defect,crack_detection
Crack_Detection,Negative\no_crack_0318.jpg,True,No_Defect,crack_detection
Crack_Detection,Negative\no_crack_0319.jpg,True,No_Defect,crack_detection
Crack_Detection,Negative\no_crack_0320.jpg,True,No_Defect,crack_detection
Crack_Detection,Negative\no_crack_0321.jpg,True,No_Defect,crack_detection
Crack_Detection,Negative\no_crack_0322.jpg,True,No_Defect,crack_detection
Crack_Detection,Negative\no_crack_0323.jpg,True,No_Defect,crack_detection
Crack_Detection,Negative\no_crack_0324.jpg,True,No_Defect,crack_detection
Crack_Detection,Negative\no_crack_0325.jpg,True,No_Defect,crack_detection
Crack_Detection,Negative\no_crack_0326.jpg,True,No_Defect,crack_detection
Crack_Detection,Negative\no_crack_0327.jpg,True,No_Defect,crack_detection
Crack_Detection,Negative\no_crack_0328.jpg,True,No_Defect,crack_detection
Crack_Detection,Negative\no_crack_0329.jpg,True,No_Defect,crack_detection
Crack_Detection,Negative\no_crack_0330.jpg,True,No_Defect,crack_detection
Crack_Detection,Negative\no_crack_0331.jpg,True,No_Defect,crack_detection
Crack_Detection,Negative\no_crack_0332.jpg,True,No_Defect,crack_detection
Crack_Detection,Negative\no_crack_0333.jpg,True,No_Defect,crack_detection
Crack_Detection,Negative\no_crack_0334.jpg,True,No_Defect,crack_detection
Crack_Detection,Negative\no_crack_0335.jpg,True,No_Defect,crack_detection
Crack_Detection,Negative\no_crack_0336.jpg,True,No_Defect,crack_detection
Crack_Detection,Negative\no_crack_0337.jpg,True,No_Defect,crack_detection
Crack_Detection,Negative\no_crack_0338.jpg,True,No_Defect,crack_detection
Crack_Detection,Negative\no_crack_0339.jpg,True,No_Defect,crack_detection
Crack_Detection,Negative\no_crack_0340.jpg,True,No_Defect,crack_detection
Crack_Detection,Negative\no_crack_0341.jpg,True,No_Defect,crack_detection
Crack_Detection,Negative\no_crack_0342.jpg,True,No_Defect,crack_detection
Crack_Detection,Negative\no_crack_0343.jpg,True,No_Defect,crack_detection
Crack_Detection,Negative\no_crack_0344.jpg,True,No_Defect,crack_detection
Crack_Detection,Negative\no_crack_0345.jpg,True,No_Defect,crack_detection
Crack_Detection,Negative\no_crack_0346.jpg,True,No_Defect,crack_detection
Crack_Detection,Negative\no_crack_0347.jpg,True,No_Defect,crack_detection
Crack_Detection,Negative\no_crack_0348.jpg,True,No_Defect,crack_detection
Crack_Detection,Negative\no_crack_0349.jpg,True,No_Defect,crack_detection
Crack_Detection,Negative\no_crack_0350.jpg,True,No_Defect,crack_detection
Crack_Detection,Negative\no_crack_0351.jpg,True,No_Defect,crack_detection
Crack_Detection,Negative\no_crack_0352.jpg,True,No_Defect,crack_detection
Crack_Detection,Negative\no_crack_0353.jpg,True,No_Defect,crack_detection
Crack_Detection,Negative\no_crack_0354.jpg,True,No_Defect,crack_detection
Crack_Detection,Negative\no_crack_0355.jpg,True,No_Defect,crack_detection
Crack_Detection,Negative\no_crack_0356.jpg,True,No_Defect,crack_detection
Crack_Detection,Negative\no_crack_0357.jpg,True,No_Defect,crack_detection
Crack_Detection,Negative\no_crack_0358.jpg,True,No_Defect,crack_detection
Crack_Detection,Negative\no_crack_0359.jpg,True,No_Defect,crack_detection
Crack_Detection,Negative\no_crack_0360.jpg,True,No_Defect,crack_detection
Crack_Detection,Negative\no_crack_0361.jpg,True,Crack,crack_detection
Crack_Detection,Negative\no_crack_0362.jpg,True,No_Defect,crack_detection
Crack_Detection,Negative\no_crack_0363.jpg,True,No_Defect,crack_detection
Crack_Detection,Negative\no_crack_0364.jpg,True,No_Defect,crack_detection
Crack_Detection,Negative\no_crack_0365.jpg,True,No_Defect,crack_detection
Crack_Detection,Negative\no_crack_0366.jpg,True,Crack,crack_detection
Crack_Detection,Negative\no_crack_0367.jpg,True,No_Defect,crack_detection
Crack_Detection,Negative\no_crack_0368.jpg,True,No_Defect,crack_detection
Crack_Detection,Negative\no_crack_0369.jpg,True,No_Defect,crack_detection
Crack_Detection,Negative\no_crack_0370.jpg,True,No_Defect,crack_detection
Crack_Detection,Negative\no_crack_0371.jpg,True,No_Defect,crack_detection
Crack_Detection,Negative\no_crack_0372.jpg,True,No_Defect,crack_detection
Crack_Detection,Negative\no_crack_0373.jpg,True,No_Defect,crack_detection
Crack_Detection,Negative\no_crack_0374.jpg,True,No_Defect,crack_detection
Crack_Detection,Negative\no_crack_0375.jpg,True,No_Defect,crack_detection
Crack_Detection,Negative\no_crack_0376.jpg,True,No_Defect,crack_detection
Crack_Detection,Negative\no_crack_0377.jpg,True,No_Defect,crack_detection
Crack_Detection,Negative\no_crack_0378.jpg,True,No_Defect,crack_detection
Crack_Detection,Negative\no_crack_0379.jpg,True,No_Defect,crack_detection
Crack_Detection,Negative\no_crack_0380.jpg,True,Crack,crack_detection
Crack_Detection,Negative\no_crack_0381.jpg,True,No_Defect,crack_detection
Crack_Detection,Negative\no_crack_0382.jpg,True,No_Defect,crack_detection
Crack_Detection,Negative\no_crack_0383.jpg,True,No_Defect,crack_detection
Crack_Detection,Negative\no_crack_0384.jpg,True,No_Defect,crack_detection
Crack_Detection,Negative\no_crack_0385.jpg,True,No_Defect,crack_detection
Crack_Detection,Negative\no_crack_0386.jpg,True,No_Defect,crack_detection
Crack_Detection,Negative\no_crack_0387.jpg,True,No_Defect,crack_detection
Crack_Detection,Negative\no_crack_0388.jpg,True,No_Defect,crack_detection
Crack_Detection,Negative\no_crack_0389.jpg,True,No_Defect,crack_detection
Crack_Detection,Negative\no_crack_0390.jpg,True,Crack,crack_detection
Crack_Detection,Negative\no_crack_0391.jpg,True,No_Defect,crack_detection
Crack_Detection,Negative\no_crack_0392.jpg,True,No_Defect,crack_detection
Crack_Detection,Negative\no_crack_0393.jpg,True,No_Defect,crack_detection
Crack_Detection,Negative\no_crack_0394.jpg,True,No_Defect,crack_detection
Crack_Detection,Negative\no_crack_0395.jpg,True,No_Defect,crack_detection
Crack_Detection,Negative\no_crack_0396.jpg,True,No_Defect,crack_detection
Crack_Detection,Negative\no_crack_0397.jpg,True,No_Defect,crack_detection
Crack_Detection,Negative\no_crack_0398.jpg,True,No_Defect,crack_detection
Crack_Detection,Negative\no_crack_0399.jpg,True,No_Defect,crack_detection
Crack_Detection,Negative\no_crack_0400.jpg,True,No_Defect,crack_detection
Crack_Detection,Negative\no_crack_0401.jpg,True,No_Defect,crack_detection
Crack_Detection,Negative\no_crack_0402.jpg,True,No_Defect,crack_detection
Crack_Detection,Negative\no_crack_0403.jpg,True,No_Defect,crack_detection
Crack_Detection,Negative\no_crack_0404.jpg,True,No_Defect,crack_detection
Crack_Detection,Negative\no_crack_0405.jpg,True,No_Defect,crack_detection
Crack_Detection,Negative\no_crack_0406.jpg,True,No_Defect,crack_detection
Crack_Detection,Negative\no_crack_0407.jpg,True,No_Defect,crack_detection
Crack_Detection,Negative\no_crack_0408.jpg,True,No_Defect,crack_detection
Crack_Detection,Negative\no_crack_0409.jpg,True,No_Defect,crack_detection
Crack_Detection,Negative\no_crack_0410.jpg,True,No_Defect,crack_detection
Crack_Detection,Negative\no_crack_0411.jpg,True,No_Defect,crack_detection
Crack_Detection,Negative\no_crack_0412.jpg,True,No_Defect,crack_detection
Crack_Detection,Negative\no_crack_0413.jpg,True,No_Defect,crack_detection
Crack_Detection,Negative\no_crack_0414.jpg,True,Crack,crack_detection
Crack_Detection,Negative\no_crack_0415.jpg,True,No_Defect,crack_detection
Crack_Detection,Negative\no_crack_0416.jpg,True,No_Defect,crack_detection
Crack_Detection,Negative\no_crack_0417.jpg,True,No_Defect,crack_detection
Crack_Detection,Negative\no_crack_0418.jpg,True,No_Defect,crack_detection
Crack_Detection,Negative\no_crack_0419.jpg,True,No_Defect,crack_detection
Crack_Detection,Negative\no_crack_0420.jpg,True,No_Defect,crack_detection
Crack_Detection,Negative\no_crack_0421.jpg,True,No_Defect,crack_detection
Crack_Detection,Negative\no_crack_0422.jpg,True,No_Defect,crack_detection
Crack_Detection,Negative\no_crack_0423.jpg,True,No_Defect,crack_detection
Crack_Detection,Negative\no_crack_0424.jpg,True,No_Defect,crack_detection
Crack_Detection,Negative\no_crack_0425.jpg,True,No_Defect,crack_detection
Crack_Detection,Negative\no_crack_0426.jpg,True,No_Defect,crack_detection
Crack_Detection,Negative\no_crack_0427.jpg,True,No_Defect,crack_detection
Crack_Detection,Negative\no_crack_0428.jpg,True,No_Defect,crack_detection
Crack_Detection,Negative\no_crack_0429.jpg,True,No_Defect,crack_detection
Crack_Detection,Negative\no_crack_0430.jpg,True,No_Defect,crack_detection
Crack_Detection,Negative\no_crack_0431.jpg,True,No_Defect,crack_detection
Crack_Detection,Negative\no_crack_0432.jpg,True,No_Defect,crack_detection
Crack_Detection,Negative\no_crack_0433.jpg,True,No_Defect,crack_detection
Crack_Detection,Negative\no_crack_0434.jpg,True,No_Defect,crack_detection
Crack_Detection,Negative\no_crack_0435.jpg,True,No_Defect,crack_detection
Crack_Detection,Negative\no_crack_0436.jpg,True,No_Defect,crack_detection
Crack_Detection,Negative\no_crack_0437.jpg,True,No_Defect,crack_detection
Crack_Detection,Negative\no_crack_0438.jpg,True,No_Defect,crack_detection
Crack_Detection,Negative\no_crack_0439.jpg,True,No_Defect,crack_detection
Crack_Detection,Negative\no_crack_0440.jpg,True,No_Defect,crack_detection
Crack_Detection,Negative\no_crack_0441.jpg,True,No_Defect,crack_detection
Crack_Detection,Negative\no_crack_0442.jpg,True,No_Defect,crack_detection
Crack_Detection,Negative\no_crack_0443.jpg,True,No_Defect,crack_detection
Crack_Detection,Negative\no_crack_0444.jpg,True,No_Defect,crack_detection
Crack_Detection,Negative\no_crack_0445.jpg,True,No_Defect,crack_detection
Crack_Detection,Negative\no_crack_0446.jpg,True,No_Defect,crack_detection
Crack_Detection,Negative\no_crack_0447.jpg,True,No_Defect,crack_detection
Crack_Detection,Negative\no_crack_0448.jpg,True,No_Defect,crack_detection
Crack_Detection,Negative\no_crack_0449.jpg,True,No_Defect,crack_detection
Crack_Detection,Negative\no_crack_0450.jpg,True,No_Defect,crack_detection
Crack_Detection,Negative\no_crack_0451.jpg,True,No_Defect,crack_detection
Crack_Detection,Negative\no_crack_0452.jpg,True,No_Defect,crack_detection
Crack_Detection,Negative\no_crack_0453.jpg,True,No_Defect,crack_detection
Crack_Detection,Negative\no_crack_0454.jpg,True,No_Defect,crack_detection
Crack_Detection,Negative\no_crack_0455.jpg,True,No_Defect,crack_detection
Crack_Detection,Negative\no_crack_0456.jpg,True,No_Defect,crack_detection
Crack_Detection,Negative\no_crack_0457.jpg,True,No_Defect,crack_detection
Crack_Detection,Negative\no_crack_0458.jpg,True,No_Defect,crack_detection
Crack_Detection,Negative\no_crack_0459.jpg,True,No_Defect,crack_detection
Crack_Detection,Negative\no_crack_0460.jpg,True,No_Defect,crack_detection
Crack_Detection,Negative\no_crack_0461.jpg,True,No_Defect,crack_detection
Crack_Detection,Negative\no_crack_0462.jpg,True,No_Defect,crack_detection
Crack_Detection,Negative\no_crack_0463.jpg,True,No_Defect,crack_detection
Crack_Detection,Negative\no_crack_0464.jpg,True,No_Defect,crack_detection
Crack_Detection,Negative\no_crack_0465.jpg,True,No_Defect,crack_detection
Crack_Detection,Negative\no_crack_0466.jpg,True,No_Defect,crack_detection
Crack_Detection,Negative\no_crack_0467.jpg,True,No_Defect,crack_detection
Crack_Detection,Negative\no_crack_0468.jpg,True,No_Defect,crack_detection
Crack_Detection,Negative\no_crack_0469.jpg,True,No_Defect,crack_detection
Crack_Detection,Negative\no_crack_0470.jpg,True,No_Defect,crack_detection
Crack_Detection,Negative\no_crack_0471.jpg,True,No_Defect,crack_detection
Crack_Detection,Negative\no_crack_0472.jpg,True,No_Defect,crack_detection
Crack_Detection,Negative\no_crack_0473.jpg,True,No_Defect,crack_detection
Crack_Detection,Negative\no_crack_0474.jpg,True,No_Defect,crack_detection
Crack_Detection,Negative\no_crack_0475.jpg,True,No_Defect,crack_detection
Crack_Detection,Negative\no_crack_0476.jpg,True,No_Defect,crack_detection
Crack_Detection,Negative\no_crack_0477.jpg,True,No_Defect,crack_detection
Crack_Detection,Negative\no_crack_0478.jpg,True,No_Defect,crack_detection
Crack_Detection,Negative\no_crack_0479.jpg,True,No_Defect,crack_detection
Crack_Detection,Negative\no_crack_0480.jpg,True,No_Defect,crack_detection
Crack_Detection,Negative\no_crack_0481.jpg,True,No_Defect,crack_detection
Crack_Detection,Negative\no_crack_0482.jpg,True,No_Defect,crack_detection
Crack_Detection,Negative\no_crack_0483.jpg,True,No_Defect,crack_detection
Crack_Detection,Negative\no_crack_0484.jpg,True,No_Defect,crack_detection
Crack_Detection,Negative\no_crack_0485.jpg,True,No_Defect,crack_detection
Crack_Detection,Negative\no_crack_0486.jpg,True,No_Defect,crack_detection
Crack_Detection,Negative\no_crack_0487.jpg,True,No_Defect,crack_detection
Crack_Detection,Negative\no_crack_0488.jpg,True,No_Defect,crack_detection
Crack_Detection,Negative\no_crack_0489.jpg,True,No_Defect,crack_detection
Crack_Detection,Negative\no_crack_0490.jpg,True,No_Defect,crack_detection
Crack_Detection,Negative\no_crack_0491.jpg,True,No_Defect,crack_detection
Crack_Detection,Negative\no_crack_0492.jpg,True,No_Defect,crack_detection
Crack_Detection,Negative\no_crack_0493.jpg,True,No_Defect,crack_detection
Crack_Detection,Negative\no_crack_0494.jpg,True,No_Defect,crack_detection
Crack_Detection,Negative\no_crack_0495.jpg,True,No_Defect,crack_detection
Crack_Detection,Negative\no_crack_0496.jpg,True,No_Defect,crack_detection
Crack_Detection,Negative\no_crack_0497.jpg,True,No_Defect,crack_detection
Crack_Detection,Negative\no_crack_0498.jpg,True,No_Defect,crack_detection
Crack_Detection,Negative\no_crack_0499.jpg,True,No_Defect,crack_detection
Crack_Detection,Positive\crack_0000.jpg,True,Crack,crack_detection
Crack_Detection,Positive\crack_0001.jpg,True,Crack,crack_detection
Crack_Detection,Positive\crack_0002.jpg,True,Crack,crack_detection
Crack_Detection,Positive\crack_0003.jpg,True,Crack,crack_detection
Crack_Detection,Positive\crack_0004.jpg,True,Crack,crack_detection
Crack_Detection,Positive\crack_0005.jpg,True,Crack,crack_detection
Crack_Detection,Positive\crack_0006.jpg,True,Crack,crack_detection
Crack_Detection,Positive\crack_0007.jpg,True,Crack,crack_detection
Crack_Detection,Positive\crack_0008.jpg,True,Crack,crack_detection
Crack_Detection,Positive\crack_0009.jpg,True,Crack,crack_detection
Crack_Detection,Positive\crack_0010.jpg,True,Crack,crack_detection
Crack_Detection,Positive\crack_0011.jpg,True,Crack,crack_detection
Crack_Detection,Positive\crack_0012.jpg,True,Crack,crack_detection
Crack_Detection,Positive\crack_0013.jpg,True,Crack,crack_detection
Crack_Detection,Positive\crack_0014.jpg,True,Crack,crack_detection
Crack_Detection,Positive\crack_0015.jpg,True,Crack,crack_detection
Crack_Detection,Positive\crack_0016.jpg,True,Crack,crack_detection
Crack_Detection,Positive\crack_0017.jpg,True,Crack,crack_detection
Crack_Detection,Positive\crack_0018.jpg,True,Crack,crack_detection
Crack_Detection,Positive\crack_0019.jpg,True,Crack,crack_detection
Crack_Detection,Positive\crack_0020.jpg,True,Crack,crack_detection
Crack_Detection,Positive\crack_0021.jpg,True,Crack,crack_detection
Crack_Detection,Positive\crack_0022.jpg,True,Crack,crack_detection
Crack_Detection,Positive\crack_0023.jpg,True,Crack,crack_detection
Crack_Detection,Positive\crack_0024.jpg,True,Crack,crack_detection
Crack_Detection,Positive\crack_0025.jpg,True,Crack,crack_detection
Crack_Detection,Positive\crack_0026.jpg,True,Crack,crack_detection
Crack_Detection,Positive\crack_0027.jpg,True,Crack,crack_detection
Crack_Detection,Positive\crack_0028.jpg,True,Crack,crack_detection
Crack_Detection,Positive\crack_0029.jpg,True,Crack,crack_detection
Crack_Detection,Positive\crack_0030.jpg,True,Crack,crack_detection
Crack_Detection,Positive\crack_0031.jpg,True,Crack,crack_detection
Crack_Detection,Positive\crack_0032.jpg,True,Crack,crack_detection
Crack_Detection,Positive\crack_0033.jpg,True,Crack,crack_detection
Crack_Detection,Positive\crack_0034.jpg,True,Crack,crack_detection
Crack_Detection,Positive\crack_0035.jpg,True,Crack,crack_detection
Crack_Detection,Positive\crack_0036.jpg,True,Crack,crack_detection
Crack_Detection,Positive\crack_0037.jpg,True,Crack,crack_detection
Crack_Detection,Positive\crack_0038.jpg,True,Crack,crack_detection
Crack_Detection,Positive\crack_0039.jpg,True,Crack,crack_detection
Crack_Detection,Positive\crack_0040.jpg,True,Crack,crack_detection
Crack_Detection,Positive\crack_0041.jpg,True,Crack,crack_detection
Crack_Detection,Positive\crack_0042.jpg,True,Crack,crack_detection
Crack_Detection,Positive\crack_0043.jpg,True,Crack,crack_detection
Crack_Detection,Positive\crack_0044.jpg,True,Crack,crack_detection
Crack_Detection,Positive\crack_0045.jpg,True,Crack,crack_detection
Crack_Detection,Positive\crack_0046.jpg,True,Crack,crack_detection
Crack_Detection,Positive\crack_0047.jpg,True,Crack,crack_detection
Crack_Detection,Positive\crack_0048.jpg,True,Crack,crack_detection
Crack_Detection,Positive\crack_0049.jpg,True,Crack,crack_detection
Crack_Detection,Positive\crack_0050.jpg,True,Crack,crack_detection
Crack_Detection,Positive\crack_0051.jpg,True,Crack,crack_detection
Crack_Detection,Positive\crack_0052.jpg,True,Crack,crack_detection
Crack_Detection,Positive\crack_0053.jpg,True,Crack,crack_detection
Crack_Detection,Positive\crack_0054.jpg,True,Crack,crack_detection
Crack_Detection,Positive\crack_0055.jpg,True,Crack,crack_detection
Crack_Detection,Positive\crack_0056.jpg,True,Crack,crack_detection
Crack_Detection,Positive\crack_0057.jpg,True,Crack,crack_detection
Crack_Detection,Positive\crack_0058.jpg,True,Crack,crack_detection
Crack_Detection,Positive\crack_0059.jpg,True,Crack,crack_detection
Crack_Detection,Positive\crack_0060.jpg,True,Crack,crack_detection
Crack_Detection,Positive\crack_0061.jpg,True,Crack,crack_detection
Crack_Detection,Positive\crack_0062.jpg,True,Crack,crack_detection
Crack_Detection,Positive\crack_0063.jpg,True,Crack,crack_detection
Crack_Detection,Positive\crack_0064.jpg,True,Crack,crack_detection
Crack_Detection,Positive\crack_0065.jpg,True,Crack,crack_detection
Crack_Detection,Positive\crack_0066.jpg,True,Crack,crack_detection
Crack_Detection,Positive\crack_0067.jpg,True,Crack,crack_detection
Crack_Detection,Positive\crack_0068.jpg,True,Crack,crack_detection
Crack_Detection,Positive\crack_0069.jpg,True,Crack,crack_detection
Crack_Detection,Positive\crack_0070.jpg,True,Crack,crack_detection
Crack_Detection,Positive\crack_0071.jpg,True,Crack,crack_detection
Crack_Detection,Positive\crack_0072.jpg,True,Crack,crack_detection
Crack_Detection,Positive\crack_0073.jpg,True,Crack,crack_detection
Crack_Detection,Positive\crack_0074.jpg,True,Crack,crack_detection
Crack_Detection,Positive\crack_0075.jpg,True,Crack,crack_detection
Crack_Detection,Positive\crack_0076.jpg,True,Crack,crack_detection
Crack_Detection,Positive\crack_0077.jpg,True,Crack,crack_detection
Crack_Detection,Positive\crack_0078.jpg,True,Crack,crack_detection
Crack_Detection,Positive\crack_0079.jpg,True,Crack,crack_detection
Crack_Detection,Positive\crack_0080.jpg,True,Crack,crack_detection
Crack_Detection,Positive\crack_0081.jpg,True,Crack,crack_detection
Crack_Detection,Positive\crack_0082.jpg,True,Crack,crack_detection
Crack_Detection,Positive\crack_0083.jpg,True,Crack,crack_detection
Crack_Detection,Positive\crack_0084.jpg,True,Crack,crack_detection
Crack_Detection,Positive\crack_0085.jpg,True,Crack,crack_detection
Crack_Detection,Positive\crack_0086.jpg,True,Crack,crack_detection
Crack_Detection,Positive\crack_0087.jpg,True,Crack,crack_detection
Crack_Detection,Positive\crack_0088.jpg,True,Crack,crack_detection
Crack_Detection,Positive\crack_0089.jpg,True,Crack,crack_detection
Crack_Detection,Positive\crack_0090.jpg,True,Crack,crack_detection
Crack_Detection,Positive\crack_0091.jpg,True,Crack,crack_detection
Crack_Detection,Positive\crack_0092.jpg,True,Crack,crack_detection
Crack_Detection,Positive\crack_0093.jpg,True,Crack,crack_detection
Crack_Detection,Positive\crack_0094.jpg,True,Crack,crack_detection
Crack_Detection,Positive\crack_0095.jpg,True,Crack,crack_detection
Crack_Detection,Positive\crack_0096.jpg,True,Crack,crack_detection
Crack_Detection,Positive\crack_0097.jpg,True,Crack,crack_detection
Crack_Detection,Positive\crack_0098.jpg,True,Crack,crack_detection
Crack_Detection,Positive\crack_0099.jpg,True,Crack,crack_detection
Crack_Detection,Positive\crack_0100.jpg,True,Crack,crack_detection
Crack_Detection,Positive\crack_0101.jpg,True,Crack,crack_detection
Crack_Detection,Positive\crack_0102.jpg,True,Crack,crack_detection
Crack_Detection,Positive\crack_0103.jpg,True,Crack,crack_detection
Crack_Detection,Positive\crack_0104.jpg,True,Crack,crack_detection
Crack_Detection,Positive\crack_0105.jpg,True,Crack,crack_detection
Crack_Detection,Positive\crack_0106.jpg,True,Crack,crack_detection
Crack_Detection,Positive\crack_0107.jpg,True,Crack,crack_detection
Crack_Detection,Positive\crack_0108.jpg,True,Crack,crack_detection
Crack_Detection,Positive\crack_0109.jpg,True,Crack,crack_detection
Crack_Detection,Positive\crack_0110.jpg,True,Crack,crack_detection
Crack_Detection,Positive\crack_0111.jpg,True,Crack,crack_detection
Crack_Detection,Positive\crack_0112.jpg,True,Crack,crack_detection
Crack_Detection,Positive\crack_0113.jpg,True,Crack,crack_detection
Crack_Detection,Positive\crack_0114.jpg,True,Crack,crack_detection
Crack_Detection,Positive\crack_0115.jpg,True,Crack,crack_detection
Crack_Detection,Positive\crack_0116.jpg,True,Crack,crack_detection
Crack_Detection,Positive\crack_0117.jpg,True,Crack,crack_detection
Crack_Detection,Positive\crack_0118.jpg,True,Crack,crack_detection
Crack_Detection,Positive\crack_0119.jpg,True,Crack,crack_detection
Crack_Detection,Positive\crack_0120.jpg,True,Crack,crack_detection
Crack_Detection,Positive\crack_0121.jpg,True,Crack,crack_detection
Crack_Detection,Positive\crack_0122.jpg,True,Crack,crack_detection
Crack_Detection,Positive\crack_0123.jpg,True,Crack,crack_detection
Crack_Detection,Positive\crack_0124.jpg,True,Crack,crack_detection
Crack_Detection,Positive\crack_0125.jpg,True,Crack,crack_detection
Crack_Detection,Positive\crack_0126.jpg,True,Crack,crack_detection
Crack_Detection,Positive\crack_0127.jpg,True,Crack,crack_detection
Crack_Detection,Positive\crack_0128.jpg,True,Crack,crack_detection
Crack_Detection,Positive\crack_0129.jpg,True,Crack,crack_detection
Crack_Detection,Positive\crack_0130.jpg,True,Crack,crack_detection
Crack_Detection,Positive\crack_0131.jpg,True,Crack,crack_detection
Crack_Detection,Positive\crack_0132.jpg,True,Crack,crack_detection
Crack_Detection,Positive\crack_0133.jpg,True,Crack,crack_detection
Crack_Detection,Positive\crack_0134.jpg,True,Crack,crack_detection
Crack_Detection,Positive\crack_0135.jpg,True,Crack,crack_detection
Crack_Detection,Positive\crack_0136.jpg,True,Crack,crack_detection
Crack_Detection,Positive\crack_0137.jpg,True,Crack,crack_detection
Crack_Detection,Positive\crack_0138.jpg,True,Crack,crack_detection
Crack_Detection,Positive\crack_0139.jpg,True,Crack,crack_detection
Crack_Detection,Positive\crack_0140.jpg,True,Crack,crack_detection
Crack_Detection,Positive\crack_0141.jpg,True,Crack,crack_detection
Crack_Detection,Positive\crack_0142.jpg,True,Crack,crack_detection
Crack_Detection,Positive\crack_0143.jpg,True,Crack,crack_detection
Crack_Detection,Positive\crack_0144.jpg,True,Crack,crack_detection
Crack_Detection,Positive\crack_0145.jpg,True,Crack,crack_detection
Crack_Detection,Positive\crack_0146.jpg,True,Crack,crack_detection
Crack_Detection,Positive\crack_0147.jpg,True,Crack,crack_detection
Crack_Detection,Positive\crack_0148.jpg,True,Crack,crack_detection
Crack_Detection,Positive\crack_0149.jpg,True,Crack,crack_detection
Crack_Detection,Positive\crack_0150.jpg,True,Crack,crack_detection
Crack_Detection,Positive\crack_0151.jpg,True,Crack,crack_detection
Crack_Detection,Positive\crack_0152.jpg,True,Crack,crack_detection
Crack_Detection,Positive\crack_0153.jpg,True,Crack,crack_detection
Crack_Detection,Positive\crack_0154.jpg,True,Crack,crack_detection
Crack_Detection,Positive\crack_0155.jpg,True,Crack,crack_detection
Crack_Detection,Positive\crack_0156.jpg,True,Crack,crack_detection
Crack_Detection,Positive\crack_0157.jpg,True,Crack,crack_detection
Crack_Detection,Positive\crack_0158.jpg,True,Crack,crack_detection
Crack_Detection,Positive\crack_0159.jpg,True,Crack,crack_detection
Crack_Detection,Positive\crack_0160.jpg,True,Crack,crack_detection
Crack_Detection,Positive\crack_0161.jpg,True,Crack,crack_detection
Crack_Detection,Positive\crack_0162.jpg,True,Crack,crack_detection
Crack_Detection,Positive\crack_0163.jpg,True,Crack,crack_detection
Crack_Detection,Positive\crack_0164.jpg,True,Crack,crack_detection
Crack_Detection,Positive\crack_0165.jpg,True,Crack,crack_detection
Crack_Detection,Positive\crack_0166.jpg,True,Crack,crack_detection
Crack_Detection,Positive\crack_0167.jpg,True,Crack,crack_detection
Crack_Detection,Positive\crack_0168.jpg,True,Crack,crack_detection
Crack_Detection,Positive\crack_0169.jpg,True,Crack,crack_detection
Crack_Detection,Positive\crack_0170.jpg,True,Crack,crack_detection
Crack_Detection,Positive\crack_0171.jpg,True,Crack,crack_detection
Crack_Detection,Positive\crack_0172.jpg,True,Crack,crack_detection
Crack_Detection,Positive\crack_0173.jpg,True,Crack,crack_detection
Crack_Detection,Positive\crack_0174.jpg,True,Crack,crack_detection
Crack_Detection,Positive\crack_0175.jpg,True,Crack,crack_detection
Crack_Detection,Positive\crack_0176.jpg,True,Crack,crack_detection
Crack_Detection,Positive\crack_0177.jpg,True,Crack,crack_detection
Crack_Detection,Positive\crack_0178.jpg,True,Crack,crack_detection
Crack_Detection,Positive\crack_0179.jpg,True,Crack,crack_detection
Crack_Detection,Positive\crack_0180.jpg,True,Crack,crack_detection
Crack_Detection,Positive\crack_0181.jpg,True,Crack,crack_detection
Crack_Detection,Positive\crack_0182.jpg,True,Crack,crack_detection
Crack_Detection,Positive\crack_0183.jpg,True,Crack,crack_detection
Crack_Detection,Positive\crack_0184.jpg,True,Crack,crack_detection
Crack_Detection,Positive\crack_0185.jpg,True,Crack,crack_detection
Crack_Detection,Positive\crack_0186.jpg,True,Crack,crack_detection
Crack_Detection,Positive\crack_0187.jpg,True,Crack,crack_detection
Crack_Detection,Positive\crack_0188.jpg,True,Crack,crack_detection
Crack_Detection,Positive\crack_0189.jpg,True,Crack,crack_detection
Crack_Detection,Positive\crack_0190.jpg,True,Crack,crack_detection
Crack_Detection,Positive\crack_0191.jpg,True,Crack,crack_detection
Crack_Detection,Positive\crack_0192.jpg,True,Crack,crack_detection
Crack_Detection,Positive\crack_0193.jpg,True,Crack,crack_detection
Crack_Detection,Positive\crack_0194.jpg,True,Crack,crack_detection
Crack_Detection,Positive\crack_0195.jpg,True,Crack,crack_detection
Crack_Detection,Positive\crack_0196.jpg,True,Crack,crack_detection
Crack_Detection,Positive\crack_0197.jpg,True,Crack,crack_detection
Crack_Detection,Positive\crack_0198.jpg,True,Crack,crack_detection
Crack_Detection,Positive\crack_0199.jpg,True,Crack,crack_detection
Crack_Detection,Positive\crack_0200.jpg,True,Crack,crack_detection
Crack_Detection,Positive\crack_0201.jpg,True,Crack,crack_detection
Crack_Detection,Positive\crack_0202.jpg,True,Crack,crack_detection
Crack_Detection,Positive\crack_0203.jpg,True,Crack,crack_detection
Crack_Detection,Positive\crack_0204.jpg,True,Crack,crack_detection
Crack_Detection,Positive\crack_0205.jpg,True,Crack,crack_detection
Crack_Detection,Positive\crack_0206.jpg,True,Crack,crack_detection
Crack_Detection,Positive\crack_0207.jpg,True,Crack,crack_detection
Crack_Detection,Positive\crack_0208.jpg,True,Crack,crack_detection
Crack_Detection,Positive\crack_0209.jpg,True,Crack,crack_detection
Crack_Detection,Positive\crack_0210.jpg,True,Crack,crack_detection
Crack_Detection,Positive\crack_0211.jpg,True,Crack,crack_detection
Crack_Detection,Positive\crack_0212.jpg,True,Crack,crack_detection
Crack_Detection,Positive\crack_0213.jpg,True,Crack,crack_detection
Crack_Detection,Positive\crack_0214.jpg,True,Crack,crack_detection
Crack_Detection,Positive\crack_0215.jpg,True,Crack,crack_detection
Crack_Detection,Positive\crack_0216.jpg,True,Crack,crack_detection
Crack_Detection,Positive\crack_0217.jpg,True,Crack,crack_detection
Crack_Detection,Positive\crack_0218.jpg,True,Crack,crack_detection
Crack_Detection,Positive\crack_0219.jpg,True,Crack,crack_detection
Crack_Detection,Positive\crack_0220.jpg,True,Crack,crack_detection
Crack_Detection,Positive\crack_0221.jpg,True,Crack,crack_detection
Crack_Detection,Positive\crack_0222.jpg,True,Crack,crack_detection
Crack_Detection,Positive\crack_0223.jpg,True,Crack,crack_detection
Crack_Detection,Positive\crack_0224.jpg,True,Crack,crack_detection
Crack_Detection,Positive\crack_0225.jpg,True,Crack,crack_detection
Crack_Detection,Positive\crack_0226.jpg,True,Crack,crack_detection
Crack_Detection,Positive\crack_0227.jpg,True,Crack,crack_detection
Crack_Detection,Positive\crack_0228.jpg,True,Crack,crack_detection
Crack_Detection,Positive\crack_0229.jpg,True,Crack,crack_detection
Crack_Detection,Positive\crack_0230.jpg,True,Crack,crack_detection
Crack_Detection,Positive\crack_0231.jpg,True,Crack,crack_detection
Crack_Detection,Positive\crack_0232.jpg,True,Crack,crack_detection
Crack_Detection,Positive\crack_0233.jpg,True,Crack,crack_detection
Crack_Detection,Positive\crack_0234.jpg,True,Crack,crack_detection
Crack_Detection,Positive\crack_0235.jpg,True,Crack,crack_detection
Crack_Detection,Positive\crack_0236.jpg,True,Crack,crack_detection
Crack_Detection,Positive\crack_0237.jpg,True,Crack,crack_detection
Crack_Detection,Positive\crack_0238.jpg,True,Crack,crack_detection
Crack_Detection,Positive\crack_0239.jpg,True,Crack,crack_detection
Crack_Detection,Positive\crack_0240.jpg,True,Crack,crack_detection
Crack_Detection,Positive\crack_0241.jpg,True,Crack,crack_detection
Crack_Detection,Positive\crack_0242.jpg,True,Crack,crack_detection
Crack_Detection,Positive\crack_0243.jpg,True,Crack,crack_detection
Crack_Detection,Positive\crack_0244.jpg,True,Crack,crack_detection
Crack_Detection,Positive\crack_0245.jpg,True,Crack,crack_detection
Crack_Detection,Positive\crack_0246.jpg,True,Crack,crack_detection
Crack_Detection,Positive\crack_0247.jpg,True,Crack,crack_detection
Crack_Detection,Positive\crack_0248.jpg,True,Crack,crack_detection
Crack_Detection,Positive\crack_0249.jpg,True,Crack,crack_detection
UAV_Inspection,images\crack_image.png,True,No_Defect,uav_inspection
UAV_Inspection,images\crack_typical_result.png,True,No_Defect,uav_inspection
UAV_Inspection,images\crack_typical_results.png,True,No_Defect,uav_inspection
UAV_Inspection,images\sliding_window_results.png,True,No_Defect,uav_inspection
UAV_Inspection,images\sw2.png,True,No_Defect,uav_inspection
UAV_Inspection,images\sw_approach.PNG,True,No_Defect,uav_inspection
UAV_Inspection,Segmentation\models\PSPNet-Keras-tensorflow\example_images\ade20k.jpg,True,No_Defect,uav_inspection
UAV_Inspection,Segmentation\models\PSPNet-Keras-tensorflow\example_images\pascal_voc.jpg,True,No_Defect,uav_inspection
UAV_Inspection,Segmentation\models\PSPNet-Keras-tensorflow\example_images\test_pycaffe.jpg,True,No_Defect,uav_inspection
UAV_Inspection,Segmentation\models\PSPNet-Keras-tensorflow\example_results\ade20k_probs.jpg,True,No_Defect,uav_inspection
UAV_Inspection,Segmentation\models\PSPNet-Keras-tensorflow\example_results\ade20k_seg.jpg,True,No_Defect,uav_inspection
UAV_Inspection,Segmentation\models\PSPNet-Keras-tensorflow\example_results\ade20k_seg_blended.jpg,True,No_Defect,uav_inspection
UAV_Inspection,Segmentation\models\PSPNet-Keras-tensorflow\example_results\ade20k_seg_pycaffe.jpg,True,No_Defect,uav_inspection
UAV_Inspection,Segmentation\models\PSPNet-Keras-tensorflow\example_results\cityscapes_probs.jpg,True,No_Defect,uav_inspection
UAV_Inspection,Segmentation\models\PSPNet-Keras-tensorflow\example_results\cityscapes_seg.jpg,True,No_Defect,uav_inspection
UAV_Inspection,Segmentation\models\PSPNet-Keras-tensorflow\example_results\cityscapes_seg_blended.jpg,True,No_Defect,uav_inspection
UAV_Inspection,Segmentation\models\PSPNet-Keras-tensorflow\example_results\pascal_voc_probs.jpg,True,No_Defect,uav_inspection
UAV_Inspection,Segmentation\models\PSPNet-Keras-tensorflow\example_results\pascal_voc_seg.jpg,True,No_Defect,uav_inspection
UAV_Inspection,Segmentation\models\PSPNet-Keras-tensorflow\example_results\pascal_voc_seg_blended.jpg,True,No_Defect,uav_inspection
UAV_Inspection,Segmentation\models\PSPNet-Keras-tensorflow\utils\color150\airplane.jpg,True,No_Defect,uav_inspection
UAV_Inspection,Segmentation\models\PSPNet-Keras-tensorflow\utils\color150\animal.jpg,True,No_Defect,uav_inspection
UAV_Inspection,Segmentation\models\PSPNet-Keras-tensorflow\utils\color150\apparel.jpg,True,No_Defect,uav_inspection
UAV_Inspection,Segmentation\models\PSPNet-Keras-tensorflow\utils\color150\arcade machine.jpg,True,No_Defect,uav_inspection
UAV_Inspection,Segmentation\models\PSPNet-Keras-tensorflow\utils\color150\armchair.jpg,True,No_Defect,uav_inspection
UAV_Inspection,Segmentation\models\PSPNet-Keras-tensorflow\utils\color150\ashcan.jpg,True,No_Defect,uav_inspection
UAV_Inspection,Segmentation\models\PSPNet-Keras-tensorflow\utils\color150\awning.jpg,True,No_Defect,uav_inspection
UAV_Inspection,Segmentation\models\PSPNet-Keras-tensorflow\utils\color150\bag.jpg,True,No_Defect,uav_inspection
UAV_Inspection,Segmentation\models\PSPNet-Keras-tensorflow\utils\color150\ball.jpg,True,No_Defect,uav_inspection
UAV_Inspection,Segmentation\models\PSPNet-Keras-tensorflow\utils\color150\bannister.jpg,True,No_Defect,uav_inspection
UAV_Inspection,Segmentation\models\PSPNet-Keras-tensorflow\utils\color150\bar.jpg,True,No_Defect,uav_inspection
UAV_Inspection,Segmentation\models\PSPNet-Keras-tensorflow\utils\color150\barrel.jpg,True,No_Defect,uav_inspection
UAV_Inspection,Segmentation\models\PSPNet-Keras-tensorflow\utils\color150\base.jpg,True,No_Defect,uav_inspection
UAV_Inspection,Segmentation\models\PSPNet-Keras-tensorflow\utils\color150\basket.jpg,True,No_Defect,uav_inspection
UAV_Inspection,Segmentation\models\PSPNet-Keras-tensorflow\utils\color150\bathtub.jpg,True,No_Defect,uav_inspection
UAV_Inspection,Segmentation\models\PSPNet-Keras-tensorflow\utils\color150\bed.jpg,True,No_Defect,uav_inspection
UAV_Inspection,Segmentation\models\PSPNet-Keras-tensorflow\utils\color150\bench.jpg,True,No_Defect,uav_inspection
UAV_Inspection,Segmentation\models\PSPNet-Keras-tensorflow\utils\color150\bicycle.jpg,True,No_Defect,uav_inspection
UAV_Inspection,Segmentation\models\PSPNet-Keras-tensorflow\utils\color150\bike.jpg,True,No_Defect,uav_inspection
UAV_Inspection,Segmentation\models\PSPNet-Keras-tensorflow\utils\color150\blanket.jpg,True,No_Defect,uav_inspection
UAV_Inspection,Segmentation\models\PSPNet-Keras-tensorflow\utils\color150\blind.jpg,True,No_Defect,uav_inspection
UAV_Inspection,Segmentation\models\PSPNet-Keras-tensorflow\utils\color150\boat.jpg,True,No_Defect,uav_inspection
UAV_Inspection,Segmentation\models\PSPNet-Keras-tensorflow\utils\color150\book.jpg,True,No_Defect,uav_inspection
UAV_Inspection,Segmentation\models\PSPNet-Keras-tensorflow\utils\color150\bookcase.jpg,True,No_Defect,uav_inspection
UAV_Inspection,Segmentation\models\PSPNet-Keras-tensorflow\utils\color150\booth.jpg,True,No_Defect,uav_inspection
UAV_Inspection,Segmentation\models\PSPNet-Keras-tensorflow\utils\color150\bottle.jpg,True,No_Defect,uav_inspection
UAV_Inspection,Segmentation\models\PSPNet-Keras-tensorflow\utils\color150\box.jpg,True,No_Defect,uav_inspection
UAV_Inspection,Segmentation\models\PSPNet-Keras-tensorflow\utils\color150\bridge.jpg,True,No_Defect,uav_inspection
UAV_Inspection,Segmentation\models\PSPNet-Keras-tensorflow\utils\color150\buffet.jpg,True,No_Defect,uav_inspection
UAV_Inspection,Segmentation\models\PSPNet-Keras-tensorflow\utils\color150\building.jpg,True,No_Defect,uav_inspection
UAV_Inspection,Segmentation\models\PSPNet-Keras-tensorflow\utils\color150\bulletin board.jpg,True,No_Defect,uav_inspection
UAV_Inspection,Segmentation\models\PSPNet-Keras-tensorflow\utils\color150\bus.jpg,True,No_Defect,uav_inspection
UAV_Inspection,Segmentation\models\PSPNet-Keras-tensorflow\utils\color150\cabinet.jpg,True,No_Defect,uav_inspection
UAV_Inspection,Segmentation\models\PSPNet-Keras-tensorflow\utils\color150\canopy.jpg,True,No_Defect,uav_inspection
UAV_Inspection,Segmentation\models\PSPNet-Keras-tensorflow\utils\color150\car.jpg,True,No_Defect,uav_inspection
UAV_Inspection,Segmentation\models\PSPNet-Keras-tensorflow\utils\color150\case.jpg,True,No_Defect,uav_inspection
UAV_Inspection,Segmentation\models\PSPNet-Keras-tensorflow\utils\color150\ceiling.jpg,True,No_Defect,uav_inspection
UAV_Inspection,Segmentation\models\PSPNet-Keras-tensorflow\utils\color150\chair.jpg,True,No_Defect,uav_inspection
UAV_Inspection,Segmentation\models\PSPNet-Keras-tensorflow\utils\color150\chandelier.jpg,True,No_Defect,uav_inspection
UAV_Inspection,Segmentation\models\PSPNet-Keras-tensorflow\utils\color150\chest of drawers.jpg,True,No_Defect,uav_inspection
UAV_Inspection,Segmentation\models\PSPNet-Keras-tensorflow\utils\color150\clock.jpg,True,No_Defect,uav_inspection
UAV_Inspection,Segmentation\models\PSPNet-Keras-tensorflow\utils\color150\coffee table.jpg,True,No_Defect,uav_inspection
UAV_Inspection,Segmentation\models\PSPNet-Keras-tensorflow\utils\color150\column.jpg,True,No_Defect,uav_inspection
UAV_Inspection,Segmentation\models\PSPNet-Keras-tensorflow\utils\color150\computer.jpg,True,No_Defect,uav_inspection
UAV_Inspection,Segmentation\models\PSPNet-Keras-tensorflow\utils\color150\conveyer belt.jpg,True,No_Defect,uav_inspection
UAV_Inspection,Segmentation\models\PSPNet-Keras-tensorflow\utils\color150\counter.jpg,True,No_Defect,uav_inspection
UAV_Inspection,Segmentation\models\PSPNet-Keras-tensorflow\utils\color150\countertop.jpg,True,No_Defect,uav_inspection
UAV_Inspection,Segmentation\models\PSPNet-Keras-tensorflow\utils\color150\cradle.jpg,True,No_Defect,uav_inspection
UAV_Inspection,Segmentation\models\PSPNet-Keras-tensorflow\utils\color150\crt screen.jpg,True,No_Defect,uav_inspection
UAV_Inspection,Segmentation\models\PSPNet-Keras-tensorflow\utils\color150\curtain.jpg,True,No_Defect,uav_inspection
UAV_Inspection,Segmentation\models\PSPNet-Keras-tensorflow\utils\color150\cushion.jpg,True,No_Defect,uav_inspection
UAV_Inspection,Segmentation\models\PSPNet-Keras-tensorflow\utils\color150\desk.jpg,True,No_Defect,uav_inspection
UAV_Inspection,Segmentation\models\PSPNet-Keras-tensorflow\utils\color150\dirt track.jpg,True,No_Defect,uav_inspection
UAV_Inspection,Segmentation\models\PSPNet-Keras-tensorflow\utils\color150\dishwasher.jpg,True,No_Defect,uav_inspection
UAV_Inspection,Segmentation\models\PSPNet-Keras-tensorflow\utils\color150\door.jpg,True,No_Defect,uav_inspection
UAV_Inspection,Segmentation\models\PSPNet-Keras-tensorflow\utils\color150\earth.jpg,True,No_Defect,uav_inspection
UAV_Inspection,Segmentation\models\PSPNet-Keras-tensorflow\utils\color150\escalator.jpg,True,No_Defect,uav_inspection
UAV_Inspection,Segmentation\models\PSPNet-Keras-tensorflow\utils\color150\fan.jpg,True,No_Defect,uav_inspection
UAV_Inspection,Segmentation\models\PSPNet-Keras-tensorflow\utils\color150\fence.jpg,True,No_Defect,uav_inspection
UAV_Inspection,Segmentation\models\PSPNet-Keras-tensorflow\utils\color150\field.jpg,True,No_Defect,uav_inspection
UAV_Inspection,Segmentation\models\PSPNet-Keras-tensorflow\utils\color150\fireplace.jpg,True,No_Defect,uav_inspection
UAV_Inspection,Segmentation\models\PSPNet-Keras-tensorflow\utils\color150\flag.jpg,True,No_Defect,uav_inspection
UAV_Inspection,Segmentation\models\PSPNet-Keras-tensorflow\utils\color150\floor.jpg,True,No_Defect,uav_inspection
UAV_Inspection,Segmentation\models\PSPNet-Keras-tensorflow\utils\color150\flower.jpg,True,No_Defect,uav_inspection
UAV_Inspection,Segmentation\models\PSPNet-Keras-tensorflow\utils\color150\food.jpg,True,No_Defect,uav_inspection
UAV_Inspection,Segmentation\models\PSPNet-Keras-tensorflow\utils\color150\fountain.jpg,True,No_Defect,uav_inspection
UAV_Inspection,Segmentation\models\PSPNet-Keras-tensorflow\utils\color150\furniture.jpg,True,No_Defect,uav_inspection
UAV_Inspection,Segmentation\models\PSPNet-Keras-tensorflow\utils\color150\glass.jpg,True,No_Defect,uav_inspection
UAV_Inspection,Segmentation\models\PSPNet-Keras-tensorflow\utils\color150\grandstand.jpg,True,No_Defect,uav_inspection
UAV_Inspection,Segmentation\models\PSPNet-Keras-tensorflow\utils\color150\grass.jpg,True,No_Defect,uav_inspection
UAV_Inspection,Segmentation\models\PSPNet-Keras-tensorflow\utils\color150\hill.jpg,True,No_Defect,uav_inspection
UAV_Inspection,Segmentation\models\PSPNet-Keras-tensorflow\utils\color150\hood.jpg,True,No_Defect,uav_inspection
UAV_Inspection,Segmentation\models\PSPNet-Keras-tensorflow\utils\color150\house.jpg,True,No_Defect,uav_inspection
UAV_Inspection,Segmentation\models\PSPNet-Keras-tensorflow\utils\color150\houseware.jpg,True,No_Defect,uav_inspection
UAV_Inspection,Segmentation\models\PSPNet-Keras-tensorflow\utils\color150\hovel.jpg,True,No_Defect,uav_inspection
UAV_Inspection,Segmentation\models\PSPNet-Keras-tensorflow\utils\color150\kitchen island.jpg,True,No_Defect,uav_inspection
UAV_Inspection,Segmentation\models\PSPNet-Keras-tensorflow\utils\color150\lake.jpg,True,No_Defect,uav_inspection
UAV_Inspection,Segmentation\models\PSPNet-Keras-tensorflow\utils\color150\lamp.jpg,True,No_Defect,uav_inspection
UAV_Inspection,Segmentation\models\PSPNet-Keras-tensorflow\utils\color150\land.jpg,True,No_Defect,uav_inspection
UAV_Inspection,Segmentation\models\PSPNet-Keras-tensorflow\utils\color150\light.jpg,True,No_Defect,uav_inspection
UAV_Inspection,Segmentation\models\PSPNet-Keras-tensorflow\utils\color150\microwave.jpg,True,No_Defect,uav_inspection
UAV_Inspection,Segmentation\models\PSPNet-Keras-tensorflow\utils\color150\minibike.jpg,True,No_Defect,uav_inspection
UAV_Inspection,Segmentation\models\PSPNet-Keras-tensorflow\utils\color150\mirror.jpg,True,No_Defect,uav_inspection
UAV_Inspection,Segmentation\models\PSPNet-Keras-tensorflow\utils\color150\monitor.jpg,True,No_Defect,uav_inspection
UAV_Inspection,Segmentation\models\PSPNet-Keras-tensorflow\utils\color150\mountain.jpg,True,No_Defect,uav_inspection
UAV_Inspection,Segmentation\models\PSPNet-Keras-tensorflow\utils\color150\ottoman.jpg,True,No_Defect,uav_inspection
UAV_Inspection,Segmentation\models\PSPNet-Keras-tensorflow\utils\color150\oven.jpg,True,No_Defect,uav_inspection
UAV_Inspection,Segmentation\models\PSPNet-Keras-tensorflow\utils\color150\painting.jpg,True,No_Defect,uav_inspection
UAV_Inspection,Segmentation\models\PSPNet-Keras-tensorflow\utils\color150\palm.jpg,True,No_Defect,uav_inspection
UAV_Inspection,Segmentation\models\PSPNet-Keras-tensorflow\utils\color150\path.jpg,True,No_Defect,uav_inspection
UAV_Inspection,Segmentation\models\PSPNet-Keras-tensorflow\utils\color150\person.jpg,True,No_Defect,uav_inspection
UAV_Inspection,Segmentation\models\PSPNet-Keras-tensorflow\utils\color150\pier.jpg,True,No_Defect,uav_inspection
UAV_Inspection,Segmentation\models\PSPNet-Keras-tensorflow\utils\color150\pillow.jpg,True,No_Defect,uav_inspection
UAV_Inspection,Segmentation\models\PSPNet-Keras-tensorflow\utils\color150\plant.jpg,True,No_Defect,uav_inspection
UAV_Inspection,Segmentation\models\PSPNet-Keras-tensorflow\utils\color150\plate.jpg,True,No_Defect,uav_inspection
UAV_Inspection,Segmentation\models\PSPNet-Keras-tensorflow\utils\color150\plaything.jpg,True,No_Defect,uav_inspection
UAV_Inspection,Segmentation\models\PSPNet-Keras-tensorflow\utils\color150\pole.jpg,True,No_Defect,uav_inspection
UAV_Inspection,Segmentation\models\PSPNet-Keras-tensorflow\utils\color150\pool table.jpg,True,No_Defect,uav_inspection
UAV_Inspection,Segmentation\models\PSPNet-Keras-tensorflow\utils\color150\poster.jpg,True,No_Defect,uav_inspection
UAV_Inspection,Segmentation\models\PSPNet-Keras-tensorflow\utils\color150\pot.jpg,True,No_Defect,uav_inspection
UAV_Inspection,Segmentation\models\PSPNet-Keras-tensorflow\utils\color150\radiator.jpg,True,No_Defect,uav_inspection
UAV_Inspection,Segmentation\models\PSPNet-Keras-tensorflow\utils\color150\railing.jpg,True,No_Defect,uav_inspection
UAV_Inspection,Segmentation\models\PSPNet-Keras-tensorflow\utils\color150\refrigerator.jpg,True,No_Defect,uav_inspection
UAV_Inspection,Segmentation\models\PSPNet-Keras-tensorflow\utils\color150\river.jpg,True,No_Defect,uav_inspection
UAV_Inspection,Segmentation\models\PSPNet-Keras-tensorflow\utils\color150\road.jpg,True,No_Defect,uav_inspection
UAV_Inspection,Segmentation\models\PSPNet-Keras-tensorflow\utils\color150\rock.jpg,True,No_Defect,uav_inspection
UAV_Inspection,Segmentation\models\PSPNet-Keras-tensorflow\utils\color150\rug.jpg,True,No_Defect,uav_inspection
UAV_Inspection,Segmentation\models\PSPNet-Keras-tensorflow\utils\color150\runway.jpg,True,No_Defect,uav_inspection
UAV_Inspection,Segmentation\models\PSPNet-Keras-tensorflow\utils\color150\sand.jpg,True,No_Defect,uav_inspection
UAV_Inspection,Segmentation\models\PSPNet-Keras-tensorflow\utils\color150\sconce.jpg,True,No_Defect,uav_inspection
UAV_Inspection,Segmentation\models\PSPNet-Keras-tensorflow\utils\color150\screen door.jpg,True,No_Defect,uav_inspection
UAV_Inspection,Segmentation\models\PSPNet-Keras-tensorflow\utils\color150\screen.jpg,True,No_Defect,uav_inspection
UAV_Inspection,Segmentation\models\PSPNet-Keras-tensorflow\utils\color150\sculpture.jpg,True,No_Defect,uav_inspection
UAV_Inspection,Segmentation\models\PSPNet-Keras-tensorflow\utils\color150\sea.jpg,True,No_Defect,uav_inspection
UAV_Inspection,Segmentation\models\PSPNet-Keras-tensorflow\utils\color150\seat.jpg,True,No_Defect,uav_inspection
UAV_Inspection,Segmentation\models\PSPNet-Keras-tensorflow\utils\color150\shelf.jpg,True,No_Defect,uav_inspection
UAV_Inspection,Segmentation\models\PSPNet-Keras-tensorflow\utils\color150\ship.jpg,True,No_Defect,uav_inspection
UAV_Inspection,Segmentation\models\PSPNet-Keras-tensorflow\utils\color150\shower.jpg,True,No_Defect,uav_inspection
UAV_Inspection,Segmentation\models\PSPNet-Keras-tensorflow\utils\color150\sidewalk.jpg,True,No_Defect,uav_inspection
UAV_Inspection,Segmentation\models\PSPNet-Keras-tensorflow\utils\color150\signboard.jpg,True,No_Defect,uav_inspection
UAV_Inspection,Segmentation\models\PSPNet-Keras-tensorflow\utils\color150\sink.jpg,True,No_Defect,uav_inspection
UAV_Inspection,Segmentation\models\PSPNet-Keras-tensorflow\utils\color150\sky.jpg,True,No_Defect,uav_inspection
UAV_Inspection,Segmentation\models\PSPNet-Keras-tensorflow\utils\color150\skyscraper.jpg,True,No_Defect,uav_inspection
UAV_Inspection,Segmentation\models\PSPNet-Keras-tensorflow\utils\color150\sofa.jpg,True,No_Defect,uav_inspection
UAV_Inspection,Segmentation\models\PSPNet-Keras-tensorflow\utils\color150\stage.jpg,True,No_Defect,uav_inspection
UAV_Inspection,Segmentation\models\PSPNet-Keras-tensorflow\utils\color150\stairs.jpg,True,No_Defect,uav_inspection
UAV_Inspection,Segmentation\models\PSPNet-Keras-tensorflow\utils\color150\stairway.jpg,True,No_Defect,uav_inspection
UAV_Inspection,Segmentation\models\PSPNet-Keras-tensorflow\utils\color150\step.jpg,True,No_Defect,uav_inspection
UAV_Inspection,Segmentation\models\PSPNet-Keras-tensorflow\utils\color150\stool.jpg,True,No_Defect,uav_inspection
UAV_Inspection,Segmentation\models\PSPNet-Keras-tensorflow\utils\color150\stove.jpg,True,No_Defect,uav_inspection
UAV_Inspection,Segmentation\models\PSPNet-Keras-tensorflow\utils\color150\streetlight.jpg,True,No_Defect,uav_inspection
UAV_Inspection,Segmentation\models\PSPNet-Keras-tensorflow\utils\color150\swimming pool.jpg,True,No_Defect,uav_inspection
UAV_Inspection,Segmentation\models\PSPNet-Keras-tensorflow\utils\color150\swivel chair.jpg,True,No_Defect,uav_inspection
UAV_Inspection,Segmentation\models\PSPNet-Keras-tensorflow\utils\color150\table.jpg,True,No_Defect,uav_inspection
UAV_Inspection,Segmentation\models\PSPNet-Keras-tensorflow\utils\color150\tank.jpg,True,No_Defect,uav_inspection
UAV_Inspection,Segmentation\models\PSPNet-Keras-tensorflow\utils\color150\television receiver.jpg,True,No_Defect,uav_inspection
UAV_Inspection,Segmentation\models\PSPNet-Keras-tensorflow\utils\color150\tent.jpg,True,No_Defect,uav_inspection
UAV_Inspection,Segmentation\models\PSPNet-Keras-tensorflow\utils\color150\toilet.jpg,True,No_Defect,uav_inspection
UAV_Inspection,Segmentation\models\PSPNet-Keras-tensorflow\utils\color150\towel.jpg,True,No_Defect,uav_inspection
UAV_Inspection,Segmentation\models\PSPNet-Keras-tensorflow\utils\color150\tower.jpg,True,No_Defect,uav_inspection
UAV_Inspection,Segmentation\models\PSPNet-Keras-tensorflow\utils\color150\trade name.jpg,True,No_Defect,uav_inspection
UAV_Inspection,Segmentation\models\PSPNet-Keras-tensorflow\utils\color150\traffic light.jpg,True,No_Defect,uav_inspection
UAV_Inspection,Segmentation\models\PSPNet-Keras-tensorflow\utils\color150\tray.jpg,True,No_Defect,uav_inspection
UAV_Inspection,Segmentation\models\PSPNet-Keras-tensorflow\utils\color150\tree.jpg,True,No_Defect,uav_inspection
UAV_Inspection,Segmentation\models\PSPNet-Keras-tensorflow\utils\color150\truck.jpg,True,No_Defect,uav_inspection
UAV_Inspection,Segmentation\models\PSPNet-Keras-tensorflow\utils\color150\van.jpg,True,No_Defect,uav_inspection
UAV_Inspection,Segmentation\models\PSPNet-Keras-tensorflow\utils\color150\vase.jpg,True,No_Defect,uav_inspection
UAV_Inspection,Segmentation\models\PSPNet-Keras-tensorflow\utils\color150\wall.jpg,True,No_Defect,uav_inspection
UAV_Inspection,Segmentation\models\PSPNet-Keras-tensorflow\utils\color150\wardrobe.jpg,True,No_Defect,uav_inspection
UAV_Inspection,Segmentation\models\PSPNet-Keras-tensorflow\utils\color150\washer.jpg,True,No_Defect,uav_inspection
UAV_Inspection,Segmentation\models\PSPNet-Keras-tensorflow\utils\color150\water.jpg,True,No_Defect,uav_inspection
UAV_Inspection,Segmentation\models\PSPNet-Keras-tensorflow\utils\color150\waterfall.jpg,True,No_Defect,uav_inspection
UAV_Inspection,Segmentation\models\PSPNet-Keras-tensorflow\utils\color150\windowpane.jpg,True,No_Defect,uav_inspection
